customer_id,age,gender,tenure_months,monthly_charges,total_charges,num_products,support_calls,satisfaction_score,internet_service,contract_type,payment_method,churned
1001,62,Female,15,22.5,305.44,2,2,2,None,Two Year,Credit Card,No
1002,27,Female,28,43.27,1175.7,5,3,9,Fiber,Month-to-Month,Mailed Check,Yes
1003,22,Male,21,89.81,1731.45,2,3,6,DSL,Month-to-Month,Mailed Check,Yes
1004,44,Female,34,100.71,3410.26,5,1,7,DSL,Two Year,Electronic Check,No
1005,67,Female,9,24.58,198.12,3,1,4,DSL,One Year,Electronic Check,No
1006,45,Male,21,57.02,1067.98,3,10,2,None,Two Year,Bank Transfer,Yes
1007,46,Female,35,118.95,4071.66,5,3,6,DSL,Month-to-Month,Credit Card,Yes
1008,26,Male,28,111.31,3002.72,3,3,8,Fiber,Two Year,Mailed Check,No
1009,37,Female,72,73.9,5317.62,4,9,7,Fiber,Month-to-Month,Bank Transfer,Yes
1010,25,Female,15,35.28,466.75,4,9,2,Fiber,One Year,Mailed Check,Yes
1011,22,Male,15,88.17,1266.2,3,10,6,DSL,One Year,Mailed Check,Yes
1012,68,Male,34,117.19,3993.99,5,1,5,None,Two Year,Bank Transfer,No
1013,32,Female,70,115.35,8352.96,1,9,6,Fiber,Month-to-Month,Credit Card,Yes
1014,41,Male,31,25.79,819.96,1,1,8,DSL,Two Year,Bank Transfer,No
1015,57,Female,22,46.51,1048.28,4,3,,None,Two Year,Bank Transfer,No
1016,64,Male,48,63.81,2920.5,1,3,4,DSL,One Year,Credit Card,No
1017,22,Female,10,90.78,782.32,1,0,6,DSL,Two Year,Bank Transfer,No
1018,35,Male,70,33.23,2412.4,5,9,8,DSL,One Year,Mailed Check,No
1019,64,Male,56,55.43,2893.69,1,10,2,DSL,One Year,Electronic Check,No
1020,34,Male,69,64.86,4181.65,3,7,4,DSL,One Year,Credit Card,No
1021,56,Female,2,116.9,242.05,2,2,7,Fiber,One Year,Bank Transfer,Yes
1022,32,Male,49,20.22,919.53,4,4,7,None,Two Year,Mailed Check,No
1023,35,Male,8,77.92,597.45,3,0,1,None,One Year,Bank Transfer,Yes
1024,27,Male,24,26.85,556.5,2,6,2,None,Month-to-Month,Credit Card,Yes
1025,59,Female,67,51.64,3121.34,3,3,5,Fiber,Month-to-Month,Electronic Check,No
1026,26,Male,2,65.83,,1,1,9,DSL,Two Year,Electronic Check,No
1027,26,Female,32,56.95,1606.54,5,4,10,None,Two Year,Credit Card,No
1028,28,Female,18,,859.46,5,2,5,Fiber,Two Year,Bank Transfer,No
1029,62,Female,34,70.54,2159.06,1,1,7,Fiber,Month-to-Month,Credit Card,Yes
1030,62,Male,34,36.16,1153.67,4,8,1,DSL,Month-to-Month,Bank Transfer,Yes
1031,59,Male,71,34.81,2163.78,3,5,1,Fiber,Month-to-Month,Bank Transfer,Yes
1032,57,Female,53,117.38,6220.49,2,2,3,Fiber,Month-to-Month,Bank Transfer,Yes
1033,48,Female,32,46.68,1504.93,1,6,1,Fiber,Month-to-Month,Bank Transfer,Yes
1034,36,Female,29,22.37,576.48,3,4,2,Fiber,One Year,Mailed Check,Yes
1035,29,Female,34,37.86,1341.96,3,0,2,None,One Year,Electronic Check,No
1036,54,Female,15,58.52,847.36,3,0,7,DSL,Two Year,Bank Transfer,No
1037,64,Female,43,82.32,3478.44,1,4,9,Fiber,Two Year,Mailed Check,No
1038,40,Female,71,32.73,2170.66,4,10,3,None,Two Year,Electronic Check,No
1039,22,Male,39,48.69,1777.34,5,9,6,Fiber,One Year,Mailed Check,Yes
1040,32,Male,11,48.38,523.01,5,5,2,DSL,Two Year,Electronic Check,Yes
1041,31,Female,4,24.62,103.09,5,1,8,Fiber,Two Year,Bank Transfer,No
1042,37,Male,19,85.61,1384.41,1,6,4,DSL,Two Year,Mailed Check,Yes
1043,29,Female,59,33.33,1854.24,5,8,10,Fiber,One Year,Mailed Check,No
1044,52,Female,58,45.92,2395.55,3,8,8,None,Month-to-Month,Electronic Check,No
1045,40,Male,31,47.17,1336.43,5,1,3,DSL,Month-to-Month,Mailed Check,Yes
1046,26,Female,54,60.76,3144.95,4,0,4,Fiber,One Year,Credit Card,No
1047,44,Male,39,95.35,3795.59,4,8,9,None,Month-to-Month,Mailed Check,No
1048,53,Female,4,58.89,231.74,4,2,,DSL,Two Year,Credit Card,No
1049,64,Male,4,28.39,106.26,4,2,1,Fiber,One Year,Electronic Check,Yes
1050,43,Female,49,47.83,2437.98,4,4,2,Fiber,Month-to-Month,Credit Card,Yes
1051,26,Female,6,95.42,595.38,2,0,10,DSL,Month-to-Month,Bank Transfer,No
1052,58,Male,28,66.5,1678.13,3,2,10,None,Two Year,Credit Card,No
1053,28,Male,4,112.89,435.83,4,6,4,DSL,Two Year,Bank Transfer,Yes
1054,41,Male,16,99.62,1535.24,1,5,9,Fiber,Two Year,Electronic Check,Yes
1055,43,Female,2,104.96,212.96,1,6,,None,One Year,Bank Transfer,No
1056,55,Female,35,81.59,2952.52,4,7,7,None,Two Year,Electronic Check,No
1057,27,Male,36,108.16,3499.61,4,9,10,None,One Year,Electronic Check,No
1058,42,Male,24,68.75,1519.59,3,5,5,None,Two Year,Electronic Check,No
1059,34,Female,11,,452.18,5,3,8,None,Two Year,Mailed Check,No
1060,27,Female,38,42.16,1583.43,3,10,10,Fiber,One Year,Electronic Check,No
1061,57,Female,43,55.18,2232.15,3,4,4,DSL,Two Year,Bank Transfer,No
1062,56,Male,24,39.15,937.46,3,9,9,None,One Year,Credit Card,No
1063,45,Male,23,50.23,1145.59,2,4,1,DSL,Two Year,Electronic Check,No
1064,53,Female,14,107.27,1448.94,4,7,8,Fiber,Month-to-Month,Credit Card,Yes
1065,52,Male,15,102.21,1426.05,1,9,1,DSL,Month-to-Month,Electronic Check,Yes
1066,29,Female,72,96.44,6744.14,5,3,9,Fiber,One Year,Mailed Check,No
1067,49,Male,40,76.86,2650.27,1,3,4,Fiber,Two Year,Credit Card,No
1068,57,Female,10,35.65,332.15,5,7,5,DSL,Month-to-Month,Electronic Check,Yes
1069,51,Male,10,88.74,918.27,5,10,4,Fiber,Month-to-Month,Bank Transfer,Yes
1070,31,Female,10,25.96,261.81,5,9,5,Fiber,Month-to-Month,Mailed Check,Yes
1071,39,Male,65,74.0,4509.62,5,0,7,None,One Year,Electronic Check,No
1072,65,Female,3,119.96,354.29,3,9,1,DSL,One Year,Mailed Check,Yes
1073,59,Male,56,83.48,4433.4,1,7,6,Fiber,One Year,Electronic Check,Yes
1074,43,Female,53,89.37,4299.15,4,8,1,Fiber,Month-to-Month,Electronic Check,Yes
1075,47,Female,66,102.49,5751.25,5,7,7,DSL,Month-to-Month,Electronic Check,Yes
1076,25,Male,27,46.71,1105.04,3,7,8,DSL,Month-to-Month,Bank Transfer,No
1077,22,Female,71,60.8,3863.28,1,7,2,None,Month-to-Month,Mailed Check,Yes
1078,39,Male,54,103.47,5844.67,2,7,9,DSL,One Year,Bank Transfer,No
1079,39,Male,54,53.99,2937.45,3,0,5,None,One Year,Mailed Check,No
1080,52,Female,45,53.24,2401.97,4,7,6,DSL,Two Year,Bank Transfer,No
1081,48,Female,6,51.82,293.69,4,,3,Fiber,Month-to-Month,Bank Transfer,Yes
1082,50,Female,13,72.6,888.48,2,6,3,DSL,One Year,Electronic Check,Yes
1083,47,Male,11,105.18,1180.66,5,6,6,None,Two Year,Mailed Check,Yes
1084,37,Male,37,119.74,4427.51,4,1,2,Fiber,Month-to-Month,Electronic Check,Yes
1085,25,Male,38,55.85,1986.76,2,8,7,None,Two Year,Bank Transfer,No
1086,61,Female,49,81.97,3607.51,5,2,4,Fiber,Two Year,Electronic Check,No
1087,22,Female,60,110.12,6511.54,2,1,8,Fiber,Two Year,Electronic Check,No
1088,51,Female,39,,1443.13,4,1,4,Fiber,Two Year,Electronic Check,No
1089,40,Female,3,117.79,346.88,3,0,10,None,Two Year,Credit Card,No
1090,40,Male,30,80.71,2228.72,2,9,5,None,Two Year,Bank Transfer,Yes
1091,63,Female,6,50.89,286.46,5,5,3,DSL,One Year,Electronic Check,No
1092,30,Female,70,107.65,6956.56,5,4,,Fiber,One Year,Electronic Check,Yes
1093,51,Female,10,34.08,355.56,4,8,6,DSL,One Year,Credit Card,No
1094,51,Female,48,87.28,4124.37,5,6,6,DSL,Two Year,Bank Transfer,No
1095,57,Male,42,111.53,4189.01,1,10,8,None,One Year,Mailed Check,No
1096,24,Female,39,119.59,4072.73,2,8,3,Fiber,One Year,Electronic Check,Yes
1097,68,Male,20,108.54,2129.52,4,9,7,Fiber,Month-to-Month,Electronic Check,Yes
1098,37,Male,47,29.94,1389.08,5,10,6,DSL,One Year,Electronic Check,No
1099,51,Male,12,86.28,1012.94,5,,1,Fiber,Month-to-Month,Bank Transfer,Yes
1100,57,Male,27,78.64,2150.06,2,5,3,None,Month-to-Month,Electronic Check,Yes
1101,56,Male,33,99.85,2873.24,1,2,1,Fiber,Month-to-Month,Electronic Check,Yes
1102,25,Female,17,94.17,1529.2,1,7,8,Fiber,Two Year,Credit Card,Yes
1103,61,Female,6,92.72,573.98,5,4,8,None,Month-to-Month,Credit Card,Yes
1104,49,Male,14,69.03,997.29,1,1,6,None,Month-to-Month,Credit Card,No
1105,62,Male,71,91.22,5998.52,5,8,5,Fiber,Two Year,Mailed Check,Yes
1106,29,Female,71,92.08,5838.18,4,,7,Fiber,One Year,Mailed Check,No
1107,42,Male,55,51.25,2539.63,2,10,8,DSL,Month-to-Month,Credit Card,No
1108,45,Female,17,75.64,1243.82,5,8,6,None,Month-to-Month,Mailed Check,Yes
1109,49,Female,7,116.84,793.41,3,1,10,None,Month-to-Month,Bank Transfer,No
1110,28,Female,45,104.54,4344.48,3,9,4,Fiber,Two Year,Credit Card,Yes
1111,39,Male,40,112.15,4128.04,2,2,10,None,One Year,Credit Card,No
1112,23,Female,12,94.61,1013.87,4,7,6,DSL,One Year,Electronic Check,Yes
1113,58,Female,11,108.33,1049.96,5,0,2,Fiber,One Year,Mailed Check,Yes
1114,48,Female,35,41.56,1385.46,3,6,2,Fiber,Two Year,Mailed Check,No
1115,47,Male,8,20.77,151.25,2,2,5,Fiber,One Year,Credit Card,No
1116,49,Female,23,32.92,724.24,2,8,9,None,One Year,Credit Card,No
1117,24,Female,56,21.87,1266.65,3,9,7,None,One Year,Mailed Check,No
1118,23,Female,42,37.19,1623.71,4,5,2,Fiber,Month-to-Month,Bank Transfer,Yes
1119,55,Male,11,59.58,597.74,3,3,6,DSL,Month-to-Month,Credit Card,Yes
1120,44,Male,45,92.74,4230.85,2,3,2,DSL,One Year,Bank Transfer,No
1121,63,Female,10,37.71,378.82,4,7,10,None,One Year,Electronic Check,No
1122,26,Female,61,64.22,3567.06,3,9,1,Fiber,Two Year,Credit Card,Yes
1123,24,Male,8,56.87,412.84,1,9,10,None,One Year,Mailed Check,No
1124,58,Male,25,52.15,1232.21,2,0,8,DSL,One Year,Credit Card,No
1125,67,Female,57,119.1,6481.94,5,2,6,Fiber,One Year,Mailed Check,Yes
1126,65,Female,7,98.92,678.22,1,5,2,None,Two Year,Mailed Check,Yes
1127,64,Male,20,53.34,1031.11,2,5,5,None,Two Year,Mailed Check,No
1128,27,Female,40,75.89,2970.94,3,2,9,DSL,Two Year,Mailed Check,No
1129,41,Female,24,115.12,2537.28,4,3,4,DSL,Month-to-Month,Credit Card,Yes
1130,28,Male,65,97.09,6418.29,5,0,6,None,Month-to-Month,Mailed Check,No
1131,66,Female,22,92.12,1740.35,3,10,4,Fiber,Two Year,Electronic Check,Yes
1132,37,Female,40,116.56,4694.45,2,5,10,Fiber,One Year,Electronic Check,No
1133,48,Male,21,101.69,2157.38,2,4,1,None,One Year,Electronic Check,Yes
1134,55,Male,16,48.51,778.2,3,7,9,DSL,One Year,Credit Card,No
1135,44,Male,4,61.49,228.57,3,3,7,DSL,One Year,Bank Transfer,No
1136,28,Male,43,99.14,3740.88,3,7,3,None,One Year,Mailed Check,Yes
1137,23,Female,33,41.57,1207.06,5,8,7,DSL,One Year,Bank Transfer,No
1138,37,Male,54,83.9,4415.35,1,1,8,None,Two Year,Credit Card,No
1139,40,Female,55,20.16,,5,6,3,None,Two Year,Credit Card,No
1140,55,Female,70,70.73,,5,0,7,Fiber,Month-to-Month,Mailed Check,No
1141,23,Female,46,98.85,4178.61,1,9,6,DSL,Month-to-Month,Electronic Check,Yes
1142,33,Female,60,118.08,6700.14,2,,2,None,One Year,Credit Card,No
1143,34,Female,6,51.56,282.14,4,8,8,Fiber,Month-to-Month,Bank Transfer,Yes
1144,25,Female,43,47.32,2054.84,4,6,8,Fiber,One Year,Bank Transfer,No
1145,45,Female,67,46.67,2709.52,4,1,7,None,Month-to-Month,Electronic Check,No
1146,42,Female,38,50.65,1867.97,4,2,8,Fiber,One Year,Credit Card,No
1147,49,Male,36,83.95,3047.27,1,1,7,Fiber,Two Year,Bank Transfer,No
1148,60,Female,57,23.48,1155.6,3,5,7,None,Month-to-Month,Bank Transfer,No
1149,45,Male,57,96.31,5296.35,5,5,7,Fiber,Two Year,Electronic Check,Yes
1150,23,Male,24,69.9,1555.8,5,1,5,Fiber,Two Year,Mailed Check,Yes
1151,40,Female,63,40.02,2211.51,1,7,3,None,One Year,Credit Card,No
1152,67,Male,9,75.0,612.95,3,2,3,Fiber,Two Year,Bank Transfer,Yes
1153,30,Male,31,99.04,2625.84,5,9,6,Fiber,Two Year,Bank Transfer,Yes
1154,47,Female,62,72.57,4516.59,5,1,3,Fiber,Two Year,Credit Card,No
1155,55,Male,45,32.83,1500.71,5,10,10,DSL,Month-to-Month,Mailed Check,No
1156,55,Male,20,50.41,889.63,2,5,9,Fiber,Month-to-Month,Electronic Check,Yes
1157,57,Male,36,32.52,1066.02,5,1,9,None,Month-to-Month,Bank Transfer,No
1158,68,Male,44,104.25,4416.01,1,1,1,None,Two Year,Electronic Check,Yes
1159,48,Female,4,69.8,272.34,3,10,5,Fiber,Month-to-Month,Mailed Check,Yes
1160,66,Female,8,35.81,267.32,4,,6,None,Month-to-Month,Electronic Check,No
1161,44,Female,52,33.08,1589.61,5,1,6,DSL,One Year,Credit Card,No
1162,31,Male,13,25.06,338.51,5,6,4,DSL,One Year,Electronic Check,No
1163,53,Male,66,66.68,4514.49,4,0,2,Fiber,Two Year,Mailed Check,No
1164,44,Male,7,25.05,166.4,4,4,9,DSL,Month-to-Month,Mailed Check,No
1165,68,Female,47,96.39,4182.34,4,0,10,None,Month-to-Month,Electronic Check,No
1166,54,Female,58,96.44,5067.42,5,10,10,DSL,Month-to-Month,Credit Card,No
1167,43,Male,72,113.89,8208.22,2,9,9,Fiber,Two Year,Credit Card,No
1168,67,Male,43,100.4,4118.03,2,9,9,DSL,One Year,Electronic Check,No
1169,61,Female,39,79.37,2945.19,5,8,8,None,Two Year,Electronic Check,No
1170,45,Male,43,87.38,3930.1,5,4,1,None,One Year,Electronic Check,Yes
1171,59,Male,62,37.05,2241.52,5,6,3,None,Month-to-Month,Credit Card,No
1172,50,Male,41,61.88,2366.06,2,6,9,None,One Year,Credit Card,No
1173,57,Female,42,119.81,4758.65,4,5,3,Fiber,Two Year,Electronic Check,Yes
1174,68,Female,34,81.01,2447.1,2,4,9,Fiber,Month-to-Month,Electronic Check,Yes
1175,66,Female,63,51.7,2995.75,3,4,2,None,Two Year,Mailed Check,No
1176,31,Male,38,24.21,957.76,1,5,8,None,One Year,Mailed Check,No
1177,56,Male,35,113.3,3922.81,2,1,10,None,Two Year,Bank Transfer,No
1178,55,Male,29,83.79,2090.93,4,5,8,DSL,Two Year,Bank Transfer,No
1179,32,Male,53,85.29,4638.48,4,7,4,Fiber,One Year,Electronic Check,Yes
1180,27,Female,30,73.52,2193.74,1,2,7,DSL,Month-to-Month,Mailed Check,No
1181,40,Male,5,20.93,100.84,1,5,5,Fiber,Two Year,Mailed Check,Yes
1182,51,Female,35,39.28,1199.55,2,7,5,None,Month-to-Month,Credit Card,Yes
1183,58,Male,25,37.55,958.68,4,6,9,Fiber,Month-to-Month,Mailed Check,No
1184,30,Female,62,52.36,2920.42,3,6,4,Fiber,One Year,Electronic Check,No
1185,58,Female,2,46.16,85.11,2,0,2,Fiber,One Year,Bank Transfer,Yes
1186,67,Female,40,89.03,3481.94,3,5,10,DSL,Month-to-Month,Bank Transfer,No
1187,60,Female,48,61.58,2837.15,4,8,4,DSL,Two Year,Credit Card,No
1188,45,Male,10,111.72,974.69,5,8,4,None,Two Year,Bank Transfer,Yes
1189,55,Female,57,31.62,1606.03,5,7,2,None,One Year,Credit Card,No
1190,48,Male,59,76.39,4334.66,3,0,7,Fiber,Month-to-Month,Bank Transfer,No
1191,44,Male,9,74.12,575.06,1,7,1,Fiber,One Year,Bank Transfer,Yes
1192,68,Female,54,57.45,3189.99,4,6,7,DSL,Two Year,Bank Transfer,No
1193,56,Female,51,72.88,3700.42,2,0,1,Fiber,One Year,Mailed Check,Yes
1194,37,Male,59,54.62,2916.85,1,0,7,None,Month-to-Month,Bank Transfer,No
1195,60,Male,5,64.64,318.16,1,3,1,Fiber,One Year,Bank Transfer,Yes
1196,25,Male,18,70.39,1150.27,5,5,10,None,Two Year,Electronic Check,No
1197,31,Female,67,42.1,2567.12,1,8,10,None,Month-to-Month,Mailed Check,No
1198,44,Female,49,98.58,4413.78,4,6,3,Fiber,One Year,Bank Transfer,Yes
1199,36,Female,39,105.75,3624.68,4,0,9,Fiber,One Year,Bank Transfer,No
1200,35,Female,43,84.67,3766.22,3,1,9,None,Month-to-Month,Credit Card,No
1201,60,Female,6,107.36,571.78,5,10,9,DSL,One Year,Bank Transfer,No
1202,22,Female,28,113.72,3319.22,1,7,4,None,Two Year,Bank Transfer,Yes
1203,57,Female,42,97.55,3794.46,5,10,6,Fiber,One Year,Electronic Check,Yes
1204,68,Male,61,96.16,5361.58,2,5,6,Fiber,Month-to-Month,Bank Transfer,Yes
1205,57,Female,54,49.52,2377.89,2,6,10,DSL,One Year,Electronic Check,No
1206,53,Male,63,66.08,4148.7,3,2,3,None,Two Year,Mailed Check,No
1207,56,Male,8,72.39,589.44,1,10,1,DSL,One Year,Bank Transfer,Yes
1208,31,Male,2,41.87,78.82,1,9,10,Fiber,Two Year,Mailed Check,No
1209,57,Male,53,21.19,1073.52,3,8,5,DSL,Two Year,Mailed Check,No
1210,28,Female,68,34.89,2107.71,5,4,6,Fiber,One Year,Credit Card,No
1211,51,Female,32,119.02,3409.39,1,10,1,DSL,One Year,Mailed Check,Yes
1212,25,Male,2,90.28,156.46,4,10,6,None,Month-to-Month,Credit Card,Yes
1213,66,Female,61,47.11,2973.81,3,8,10,None,Month-to-Month,Bank Transfer,No
1214,35,Female,19,95.23,1795.88,4,1,5,DSL,Two Year,Bank Transfer,No
1215,56,Male,43,58.38,2505.19,1,8,6,DSL,Month-to-Month,Mailed Check,Yes
1216,43,Female,51,116.89,5456.31,3,7,8,DSL,One Year,Mailed Check,No
1217,59,Male,49,28.57,1363.14,2,1,2,Fiber,Month-to-Month,Mailed Check,Yes
1218,42,Male,47,30.66,1226.36,3,7,6,Fiber,Month-to-Month,Bank Transfer,No
1219,50,Female,72,75.47,5062.21,1,1,,None,Month-to-Month,Electronic Check,No
1220,48,Male,50,97.92,4871.37,5,3,10,None,Month-to-Month,Mailed Check,No
1221,41,Female,35,69.31,2092.67,4,4,7,Fiber,One Year,Credit Card,No
1222,37,Female,64,79.38,4516.96,1,2,5,DSL,One Year,Electronic Check,No
1223,43,Female,57,53.47,3087.7,5,2,5,Fiber,Two Year,Bank Transfer,No
1224,47,Female,41,49.14,1992.56,4,9,4,Fiber,One Year,Electronic Check,Yes
1225,58,Female,26,79.22,1975.53,5,0,8,None,Month-to-Month,Mailed Check,No
1226,26,Female,53,87.3,4061.66,3,3,5,None,Month-to-Month,Mailed Check,No
1227,60,Male,62,78.22,4640.49,4,8,1,Fiber,Two Year,Credit Card,Yes
1228,64,Male,46,36.63,1638.7,5,10,7,Fiber,One Year,Credit Card,No
1229,36,Male,66,94.69,6009.55,5,3,8,Fiber,One Year,Mailed Check,No
1230,23,Female,62,30.45,1761.78,1,1,3,Fiber,One Year,Electronic Check,No
1231,55,Male,62,54.83,2955.91,4,5,2,Fiber,Month-to-Month,Credit Card,Yes
1232,63,Female,14,87.71,1084.11,2,8,3,None,Month-to-Month,Electronic Check,Yes
1233,36,Female,52,82.98,3828.57,4,6,1,None,Two Year,Bank Transfer,Yes
1234,46,Female,1,90.47,80.62,1,9,2,None,Month-to-Month,Electronic Check,Yes
1235,29,Female,34,87.07,2806.13,3,9,7,None,One Year,Credit Card,No
1236,51,Female,23,101.37,2310.99,3,9,10,DSL,Two Year,Bank Transfer,No
1237,41,Female,15,38.3,568.0,5,6,7,None,Month-to-Month,Mailed Check,No
1238,62,Male,69,89.34,6035.33,2,8,3,Fiber,One Year,Bank Transfer,Yes
1239,50,Female,7,106.55,775.96,4,2,4,Fiber,Two Year,Mailed Check,Yes
1240,48,Female,57,68.87,3401.66,1,3,5,DSL,One Year,Bank Transfer,No
1241,51,Female,64,74.97,4187.01,1,4,9,Fiber,Two Year,Credit Card,No
1242,49,Male,14,93.6,1285.15,2,4,1,Fiber,One Year,Electronic Check,Yes
1243,29,Male,31,40.99,1267.54,3,9,7,DSL,Two Year,Bank Transfer,No
1244,25,Male,45,73.23,3194.42,2,5,5,Fiber,Two Year,Electronic Check,No
1245,48,Male,8,119.25,976.33,2,2,4,DSL,Two Year,Electronic Check,Yes
1246,65,Male,51,68.95,3395.08,3,10,7,Fiber,One Year,Credit Card,Yes
1247,39,Male,48,65.47,2977.92,5,0,2,None,One Year,Electronic Check,No
1248,47,Female,28,116.81,3319.64,4,4,6,Fiber,One Year,Bank Transfer,Yes
1249,65,Male,7,24.59,167.87,4,0,2,DSL,One Year,Mailed Check,No
1250,49,Female,26,119.57,3207.93,3,2,5,DSL,Two Year,Electronic Check,No
1251,64,Male,22,25.18,540.18,2,6,2,None,Month-to-Month,Credit Card,Yes
1252,30,Female,29,71.94,1959.03,1,5,2,Fiber,Two Year,Bank Transfer,Yes
1253,46,Male,12,93.08,972.3,3,5,5,DSL,One Year,Bank Transfer,No
1254,58,Male,2,81.03,143.07,3,3,3,Fiber,Two Year,Mailed Check,Yes
1255,28,Female,18,95.24,1659.32,4,5,7,Fiber,Month-to-Month,Bank Transfer,Yes
1256,37,Female,71,80.1,5654.32,3,0,5,DSL,Two Year,Bank Transfer,No
1257,25,Female,31,69.49,1879.64,4,10,10,DSL,Two Year,Credit Card,No
1258,30,Male,50,106.08,5111.34,3,8,3,Fiber,Month-to-Month,Credit Card,Yes
1259,35,Female,6,112.26,700.32,4,8,5,None,Two Year,Mailed Check,Yes
1260,27,Female,69,73.77,4482.04,1,4,2,None,Month-to-Month,Bank Transfer,No
1261,62,Female,9,51.02,430.48,2,0,4,DSL,One Year,Credit Card,No
1262,25,Male,40,86.61,3400.69,2,1,1,None,Month-to-Month,Credit Card,Yes
1263,44,Male,67,71.72,4874.92,3,2,6,DSL,Two Year,Electronic Check,No
1264,23,Female,43,100.71,3916.51,1,4,10,None,Month-to-Month,Mailed Check,No
1265,25,Male,64,105.94,5989.43,2,4,2,None,Two Year,Credit Card,Yes
1266,22,Male,6,105.87,541.5,1,7,6,Fiber,Month-to-Month,Bank Transfer,Yes
1267,67,Male,54,42.45,2062.27,3,4,2,None,One Year,Credit Card,No
1268,55,Male,6,115.41,598.14,4,4,5,Fiber,Month-to-Month,Mailed Check,Yes
1269,40,Male,39,93.96,3292.56,3,9,8,DSL,Two Year,Bank Transfer,No
1270,48,Male,4,43.3,159.22,1,5,1,None,One Year,Electronic Check,No
1271,37,Female,54,69.2,3221.04,2,4,2,DSL,Month-to-Month,Mailed Check,Yes
1272,27,Male,13,70.54,896.33,4,1,10,None,Month-to-Month,Mailed Check,No
1273,38,Male,41,112.6,4286.93,3,5,8,Fiber,Month-to-Month,Credit Card,Yes
1274,59,Male,14,35.54,439.28,4,5,7,DSL,Two Year,Electronic Check,No
1275,51,Male,34,105.25,3106.44,3,9,1,DSL,One Year,Bank Transfer,Yes
1276,44,Male,51,71.35,3585.86,3,2,1,Fiber,One Year,Bank Transfer,Yes
1277,30,Female,16,21.2,344.65,2,2,,Fiber,One Year,Credit Card,Yes
1278,26,Female,3,119.72,319.49,4,2,2,Fiber,Month-to-Month,Credit Card,Yes
1279,58,Male,56,102.17,5315.29,1,6,7,DSL,One Year,Bank Transfer,No
1280,50,Male,20,23.46,456.92,2,10,5,Fiber,One Year,Mailed Check,No
1281,46,Female,18,61.92,1090.63,5,3,9,DSL,One Year,Electronic Check,No
1282,53,Male,45,111.27,4759.19,4,,3,DSL,One Year,Bank Transfer,Yes
1283,39,Male,8,100.87,762.04,3,9,4,DSL,Month-to-Month,Bank Transfer,Yes
1284,25,Female,29,77.57,2354.21,4,5,3,DSL,Month-to-Month,Electronic Check,Yes
1285,23,Female,46,114.76,5082.17,5,3,8,None,One Year,Bank Transfer,No
1286,25,Female,30,80.17,2053.92,4,0,6,None,Month-to-Month,Bank Transfer,No
1287,42,Female,8,22.19,171.72,2,1,9,Fiber,Month-to-Month,Electronic Check,No
1288,43,Female,39,52.26,2130.21,4,10,8,None,One Year,Bank Transfer,No
1289,59,Male,23,57.84,1326.06,3,2,3,None,Month-to-Month,Mailed Check,No
1290,42,Female,29,83.96,2120.31,4,2,6,None,Month-to-Month,Bank Transfer,Yes
1291,32,Male,12,102.17,,3,7,1,Fiber,Month-to-Month,Bank Transfer,Yes
1292,28,Female,1,24.81,23.26,4,2,7,Fiber,One Year,Electronic Check,No
1293,52,Male,29,36.27,909.56,1,4,1,Fiber,One Year,Credit Card,Yes
1294,46,Female,21,93.2,,1,5,10,None,One Year,Credit Card,No
1295,32,Female,56,35.71,1740.29,2,3,7,None,Two Year,Electronic Check,No
1296,28,Male,7,59.29,398.4,4,2,1,Fiber,Month-to-Month,Mailed Check,Yes
1297,64,Female,62,39.97,2119.17,2,10,5,DSL,One Year,Credit Card,No
1298,52,Male,63,109.49,6228.78,5,6,3,Fiber,One Year,Electronic Check,Yes
1299,38,Male,57,66.51,3393.95,3,9,1,DSL,Two Year,Credit Card,Yes
1300,56,Male,53,117.07,6005.82,5,0,7,None,One Year,Mailed Check,No
1301,27,Male,51,110.28,5584.13,5,9,9,None,Two Year,Bank Transfer,No
1302,50,Female,23,114.91,2334.85,2,3,3,DSL,One Year,Credit Card,No
1303,62,Female,19,103.41,1771.41,1,1,7,None,One Year,Electronic Check,No
1304,22,Male,67,98.17,5738.8,2,2,10,None,Two Year,Credit Card,No
1305,28,Male,37,106.75,4052.55,4,4,7,None,One Year,Mailed Check,No
1306,47,Male,19,81.82,1533.07,4,0,7,Fiber,Two Year,Bank Transfer,No
1307,39,Male,48,22.02,1071.2,3,4,5,Fiber,Two Year,Credit Card,No
1308,50,Female,42,46.94,1840.09,1,3,8,DSL,One Year,Mailed Check,No
1309,54,Male,21,26.56,553.25,4,2,9,None,Month-to-Month,Bank Transfer,No
1310,34,Male,8,44.95,338.49,3,3,5,Fiber,One Year,Mailed Check,Yes
1311,37,Female,48,68.88,3105.29,4,9,9,Fiber,One Year,Bank Transfer,No
1312,66,Male,12,48.51,539.81,2,9,4,DSL,Two Year,Bank Transfer,No
1313,48,Male,66,22.01,1461.46,1,7,3,None,Month-to-Month,Credit Card,No
1314,41,Female,36,62.38,2077.92,3,7,5,DSL,One Year,Electronic Check,No
1315,22,Male,66,119.94,8258.78,3,8,10,None,One Year,Electronic Check,No
1316,43,Male,36,84.06,3093.64,3,,5,DSL,Month-to-Month,Bank Transfer,Yes
1317,60,Female,52,86.05,4412.63,1,10,8,Fiber,One Year,Mailed Check,Yes
1318,24,Male,25,54.32,1348.05,5,10,8,None,One Year,Electronic Check,No
1319,57,Male,24,49.38,1118.94,3,8,3,None,One Year,Credit Card,No
1320,41,Male,54,98.81,4888.94,3,9,5,Fiber,Month-to-Month,Mailed Check,Yes
1321,59,Male,10,67.22,597.52,1,10,7,None,One Year,Mailed Check,Yes
1322,31,Male,18,119.23,1971.3,5,7,3,Fiber,Two Year,Bank Transfer,Yes
1323,62,Female,23,51.34,1017.4,4,4,4,DSL,Two Year,Bank Transfer,No
1324,27,Male,17,81.45,1352.38,4,6,8,Fiber,Month-to-Month,Credit Card,Yes
1325,22,Male,42,95.68,3842.57,1,10,1,None,Two Year,Bank Transfer,Yes
1326,44,Female,40,32.89,1219.18,5,4,3,DSL,Month-to-Month,Electronic Check,No
1327,55,Female,68,53.78,3757.96,2,5,8,Fiber,Month-to-Month,Bank Transfer,No
1328,36,Female,17,41.12,597.25,5,2,2,Fiber,Two Year,Credit Card,Yes
1329,38,Male,69,82.31,5502.11,1,10,2,None,Month-to-Month,Credit Card,Yes
1330,46,Female,16,74.73,1129.77,2,3,1,Fiber,One Year,Credit Card,Yes
1331,66,Female,18,61.88,1146.95,5,9,2,Fiber,Month-to-Month,Credit Card,Yes
1332,34,Male,34,103.15,3663.6,3,6,5,DSL,Month-to-Month,Mailed Check,Yes
1333,52,Male,43,43.45,1592.86,1,1,10,None,One Year,Bank Transfer,No
1334,26,Male,13,110.48,1405.89,4,4,5,Fiber,Month-to-Month,Credit Card,Yes
1335,40,Female,47,100.16,4295.81,1,1,1,DSL,Month-to-Month,Bank Transfer,Yes
1336,50,Female,35,107.85,3278.71,3,2,2,Fiber,One Year,Mailed Check,Yes
1337,66,Male,62,99.99,6073.96,2,1,3,None,Two Year,Credit Card,No
1338,59,Male,62,100.23,6125.26,2,9,7,Fiber,Two Year,Credit Card,Yes
1339,53,Female,15,108.76,1530.48,1,4,6,DSL,Two Year,Bank Transfer,No
1340,66,Male,13,63.28,818.8,4,5,7,DSL,Two Year,Credit Card,No
1341,32,Female,65,104.88,6956.1,2,1,8,Fiber,Month-to-Month,Electronic Check,No
1342,36,Male,71,84.33,5572.23,2,1,8,Fiber,Two Year,Mailed Check,No
1343,50,Male,41,31.87,1240.65,1,1,7,Fiber,Month-to-Month,Credit Card,No
1344,61,Female,39,,4091.82,4,5,6,DSL,Month-to-Month,Mailed Check,Yes
1345,61,Female,61,91.67,5159.39,4,1,2,None,Month-to-Month,Credit Card,No
1346,62,Male,38,74.77,2627.53,1,0,3,Fiber,Month-to-Month,Mailed Check,Yes
1347,34,Female,25,32.07,818.14,2,7,4,None,One Year,Credit Card,No
1348,62,Female,16,97.21,1462.2,5,8,3,Fiber,Month-to-Month,Credit Card,Yes
1349,52,Female,66,98.11,6682.7,5,2,3,DSL,One Year,Electronic Check,No
1350,60,Female,32,47.36,1580.26,3,7,3,DSL,One Year,Electronic Check,No
1351,57,Female,28,40.09,1094.27,3,10,6,None,Month-to-Month,Bank Transfer,Yes
1352,44,Male,72,68.04,4723.15,4,10,9,Fiber,One Year,Credit Card,No
1353,31,Male,7,87.03,542.19,2,4,5,DSL,Month-to-Month,Electronic Check,Yes
1354,24,Male,46,101.4,4060.34,5,3,9,Fiber,Month-to-Month,Electronic Check,Yes
1355,46,Male,54,115.67,6528.29,3,8,1,DSL,Two Year,Electronic Check,Yes
1356,50,Male,29,111.15,3194.1,3,9,9,None,Two Year,Bank Transfer,No
1357,33,Female,10,38.7,342.4,5,1,7,DSL,One Year,Electronic Check,No
1358,59,Female,33,20.56,639.99,2,0,3,Fiber,Two Year,Credit Card,No
1359,58,Male,71,55.81,3989.48,3,8,4,DSL,Two Year,Credit Card,No
1360,56,Male,52,29.19,1357.35,2,10,6,Fiber,One Year,Electronic Check,Yes
1361,61,Male,68,67.49,4416.15,1,1,6,Fiber,Month-to-Month,Bank Transfer,Yes
1362,42,Female,49,111.59,5681.15,4,4,9,None,One Year,Credit Card,No
1363,54,Male,58,68.68,3622.09,2,5,9,DSL,Month-to-Month,Bank Transfer,No
1364,35,Male,28,106.5,2787.7,1,3,9,None,Two Year,Mailed Check,No
1365,31,Male,4,65.92,241.62,1,1,1,DSL,One Year,Credit Card,Yes
1366,48,Male,50,,3030.51,3,0,7,None,Month-to-Month,Credit Card,No
1367,59,Female,6,90.09,467.31,5,1,5,None,One Year,Credit Card,No
1368,50,Female,49,59.51,2863.92,4,2,9,DSL,Month-to-Month,Mailed Check,No
1369,31,Male,39,87.73,3533.81,3,0,9,None,Month-to-Month,Credit Card,No
1370,60,Male,51,73.72,3907.84,3,3,6,DSL,One Year,Bank Transfer,No
1371,61,Female,33,39.43,1153.21,5,0,9,Fiber,Two Year,Credit Card,No
1372,38,Male,13,39.74,499.12,3,5,3,None,Two Year,Bank Transfer,No
1373,26,Female,25,51.78,1217.0,5,10,5,None,Two Year,Bank Transfer,Yes
1374,49,Female,22,20.48,405.16,2,10,7,Fiber,One Year,Bank Transfer,Yes
1375,51,Female,58,55.87,2952.36,5,1,3,None,Two Year,Credit Card,No
1376,30,Female,69,39.64,2726.16,1,1,1,None,Two Year,Credit Card,No
1377,35,Female,5,75.16,360.28,5,7,3,Fiber,One Year,Bank Transfer,Yes
1378,54,Male,66,29.06,1769.84,1,10,4,None,Two Year,Bank Transfer,No
1379,33,Female,19,93.59,1683.43,3,0,4,Fiber,Month-to-Month,Credit Card,Yes
1380,24,Male,27,71.79,1954.4,4,7,8,DSL,Month-to-Month,Electronic Check,Yes
1381,55,Female,36,103.49,3363.0,5,9,3,Fiber,Two Year,Mailed Check,Yes
1382,26,Female,67,45.16,3160.47,2,8,7,Fiber,One Year,Mailed Check,No
1383,22,Male,65,108.2,6596.81,2,1,9,None,One Year,Bank Transfer,No
1384,45,Male,16,86.11,1285.34,3,1,8,None,One Year,Mailed Check,No
1385,63,Male,53,22.24,1012.08,5,9,3,DSL,Two Year,Credit Card,No
1386,38,Male,24,71.66,1601.33,5,10,1,None,Two Year,Electronic Check,Yes
1387,60,Male,61,106.73,5756.05,4,9,3,None,Month-to-Month,Electronic Check,Yes
1388,43,Female,59,79.65,4059.15,4,6,3,DSL,Month-to-Month,Bank Transfer,Yes
1389,60,Female,13,37.74,505.5,5,0,9,None,Month-to-Month,Credit Card,No
1390,60,Male,70,102.75,7403.91,4,8,7,Fiber,Month-to-Month,Mailed Check,Yes
1391,52,Male,49,55.05,2726.92,5,1,7,DSL,One Year,Mailed Check,No
1392,27,Male,37,79.83,2831.86,3,3,1,None,Two Year,Credit Card,No
1393,46,Female,27,88.78,2188.95,3,1,3,Fiber,Two Year,Electronic Check,Yes
1394,49,Male,47,81.19,4000.47,4,3,7,None,Two Year,Mailed Check,No
1395,57,Female,62,45.38,2564.08,3,6,3,None,Month-to-Month,Bank Transfer,Yes
1396,32,Male,13,41.45,501.19,3,8,,None,Two Year,Credit Card,No
1397,62,Male,1,100.44,101.91,4,9,7,DSL,Month-to-Month,Electronic Check,Yes
1398,60,Male,5,92.45,478.95,4,9,9,Fiber,Two Year,Credit Card,Yes
1399,50,Male,2,40.17,78.84,5,4,4,DSL,Two Year,Bank Transfer,No
1400,45,Female,31,85.5,2770.11,1,4,7,Fiber,Two Year,Mailed Check,Yes
1401,55,Female,2,93.69,161.84,1,8,5,None,Two Year,Electronic Check,Yes
1402,39,Male,29,80.64,2078.76,4,9,1,Fiber,Month-to-Month,Mailed Check,Yes
1403,54,Female,38,54.0,1792.22,5,4,9,None,One Year,Mailed Check,No
1404,37,Male,44,116.12,4811.77,4,9,1,Fiber,Month-to-Month,Electronic Check,Yes
1405,36,Male,30,100.02,2798.02,3,8,9,DSL,Two Year,Electronic Check,No
1406,47,Male,44,27.6,1258.46,4,5,6,DSL,Two Year,Electronic Check,No
1407,65,Female,25,69.9,1555.16,2,4,4,DSL,Month-to-Month,Bank Transfer,No
1408,28,Female,16,112.02,1765.73,4,9,1,None,Month-to-Month,Mailed Check,Yes
1409,53,Male,36,69.08,2603.46,5,4,7,DSL,Two Year,Bank Transfer,No
1410,49,Female,62,113.97,6052.24,3,6,3,Fiber,Month-to-Month,Mailed Check,Yes
1411,22,Male,27,57.94,1361.24,3,9,5,DSL,Two Year,Electronic Check,No
1412,61,Female,44,56.59,2364.85,2,6,6,Fiber,One Year,Electronic Check,No
1413,30,Male,30,101.42,3024.84,2,8,7,Fiber,Month-to-Month,Bank Transfer,Yes
1414,22,Male,23,62.15,1253.48,5,8,6,Fiber,One Year,Electronic Check,Yes
1415,66,Female,21,26.0,552.97,4,10,2,Fiber,Two Year,Electronic Check,Yes
1416,57,Male,72,113.18,7346.64,1,6,2,Fiber,Two Year,Bank Transfer,Yes
1417,40,Male,46,52.51,2299.73,4,1,7,None,One Year,Mailed Check,No
1418,62,Female,44,62.18,2660.58,4,1,2,DSL,One Year,Bank Transfer,No
1419,40,Male,35,80.54,,4,5,10,None,One Year,Mailed Check,No
1420,23,Male,17,92.78,1549.51,1,3,3,Fiber,Month-to-Month,Credit Card,Yes
1421,52,Male,71,25.38,1809.52,5,1,2,Fiber,Two Year,Bank Transfer,No
1422,46,Male,40,42.94,1713.34,4,10,3,DSL,Two Year,Bank Transfer,No
1423,44,Female,42,106.42,4216.83,5,4,9,Fiber,Month-to-Month,Bank Transfer,Yes
1424,62,Female,56,72.35,3962.08,3,5,8,None,Month-to-Month,Credit Card,No
1425,48,Female,34,35.57,1030.53,5,2,6,Fiber,One Year,Credit Card,No
1426,52,Male,39,20.91,763.37,3,9,4,DSL,Two Year,Electronic Check,No
1427,57,Male,56,59.48,2940.01,4,6,4,Fiber,Month-to-Month,Mailed Check,Yes
1428,61,Female,35,48.47,1694.05,3,6,4,DSL,Month-to-Month,Bank Transfer,No
1429,51,Male,58,47.21,2668.5,2,5,1,DSL,Month-to-Month,Credit Card,Yes
1430,40,Male,35,32.5,1066.61,1,3,2,DSL,Month-to-Month,Mailed Check,No
1431,41,Female,64,119.8,7228.15,1,5,2,DSL,Month-to-Month,Electronic Check,Yes
1432,52,Female,24,39.22,958.51,4,0,2,None,Month-to-Month,Mailed Check,No
1433,24,Female,26,66.08,1725.29,5,10,4,Fiber,One Year,Electronic Check,Yes
1434,68,Female,6,94.47,544.1,1,4,8,None,One Year,Bank Transfer,No
1435,64,Female,28,117.33,2947.49,4,5,1,DSL,One Year,Credit Card,Yes
1436,22,Female,6,78.11,463.11,5,2,6,DSL,Month-to-Month,Bank Transfer,No
1437,61,Male,44,113.08,5221.28,1,0,6,None,Month-to-Month,Credit Card,No
1438,42,Male,72,98.86,7127.45,4,3,1,None,One Year,Electronic Check,No
1439,24,Female,63,90.66,5493.43,5,7,4,None,Month-to-Month,Electronic Check,Yes
1440,39,Male,71,36.03,2446.15,4,4,5,None,One Year,Mailed Check,No
1441,54,Female,49,93.37,4696.77,5,5,10,DSL,One Year,Credit Card,No
1442,65,Male,64,96.57,5443.93,3,5,7,None,One Year,Credit Card,No
1443,26,Male,6,103.52,544.07,1,3,2,Fiber,Month-to-Month,Credit Card,Yes
1444,46,Male,63,72.58,4528.02,3,0,6,DSL,Two Year,Credit Card,No
1445,35,Female,63,112.84,7225.62,4,10,1,Fiber,Two Year,Mailed Check,Yes
1446,25,Male,35,72.9,2543.49,3,1,4,None,Month-to-Month,Credit Card,No
1447,34,Female,25,72.62,1633.5,2,8,9,Fiber,Two Year,Credit Card,Yes
1448,66,Female,55,108.28,5260.77,2,8,7,None,One Year,Bank Transfer,Yes
1449,42,Male,71,119.15,7739.99,3,6,7,None,One Year,Bank Transfer,No
1450,57,Male,33,56.0,1738.01,4,0,1,Fiber,Two Year,Credit Card,Yes
1451,41,Male,1,50.03,44.75,3,0,5,None,Two Year,Bank Transfer,No
1452,44,Female,20,33.84,624.97,5,3,4,Fiber,One Year,Credit Card,No
1453,35,Male,10,92.36,931.53,2,7,10,DSL,Two Year,Electronic Check,No
1454,58,Male,49,27.85,1175.22,3,5,7,Fiber,Month-to-Month,Bank Transfer,Yes
1455,62,Male,49,25.41,1188.91,3,8,10,DSL,One Year,Bank Transfer,No
1456,68,Female,51,117.1,5975.49,5,8,2,DSL,One Year,Electronic Check,Yes
1457,43,Male,11,67.59,742.79,5,6,5,DSL,One Year,Mailed Check,Yes
1458,52,Male,72,39.81,2662.99,5,3,9,None,Two Year,Bank Transfer,No
1459,49,Male,42,88.47,3586.45,1,10,7,Fiber,One Year,Electronic Check,Yes
1460,60,Male,4,96.97,342.83,3,9,8,None,Month-to-Month,Mailed Check,Yes
1461,36,Female,26,88.54,2028.55,1,1,1,DSL,Two Year,Bank Transfer,No
1462,66,Female,15,50.51,715.4,3,3,9,DSL,Month-to-Month,Electronic Check,No
1463,31,Male,3,,178.38,5,0,5,DSL,Month-to-Month,Electronic Check,Yes
1464,61,Male,35,25.31,868.98,1,1,7,None,One Year,Electronic Check,No
1465,63,Male,50,43.12,1996.76,1,5,8,None,Two Year,Credit Card,No
1466,51,Male,72,112.63,6927.81,2,8,5,Fiber,One Year,Mailed Check,No
1467,65,Male,46,55.54,2326.09,5,4,1,None,One Year,Mailed Check,No
1468,39,Female,29,35.17,1049.95,2,1,7,None,Two Year,Bank Transfer,No
1469,31,Male,55,117.05,6643.42,3,7,9,DSL,Month-to-Month,Bank Transfer,Yes
1470,41,Male,68,110.96,7062.48,2,10,10,DSL,One Year,Credit Card,No
1471,31,Male,4,96.54,396.21,4,6,5,Fiber,Two Year,Electronic Check,Yes
1472,28,Male,17,38.47,655.62,5,9,5,None,Two Year,Bank Transfer,No
1473,23,Male,46,27.95,1293.37,2,8,10,Fiber,Two Year,Electronic Check,No
1474,53,Male,61,33.75,1829.51,1,6,1,Fiber,One Year,Bank Transfer,Yes
1475,26,Female,23,112.71,2714.49,5,7,6,Fiber,Month-to-Month,Mailed Check,Yes
1476,60,Male,49,92.02,4188.08,5,9,9,None,Two Year,Credit Card,No
1477,24,Male,32,71.87,2136.83,1,8,7,None,Two Year,Credit Card,No
1478,47,Female,39,97.37,3444.96,2,6,5,None,Month-to-Month,Bank Transfer,Yes
1479,50,Female,12,92.26,966.11,5,8,3,Fiber,One Year,Electronic Check,Yes
1480,51,Male,26,108.25,2443.09,3,10,3,None,Two Year,Credit Card,Yes
1481,50,Male,47,28.53,1329.45,5,9,3,Fiber,Two Year,Mailed Check,Yes
1482,43,Female,20,36.21,636.51,1,6,5,Fiber,Two Year,Mailed Check,Yes
1483,29,Female,17,116.04,1678.17,3,,8,Fiber,One Year,Credit Card,No
1484,59,Male,61,65.37,3741.84,5,9,1,DSL,Two Year,Electronic Check,No
1485,31,Male,8,85.33,585.26,1,10,10,None,One Year,Electronic Check,No
1486,48,Male,23,36.13,753.6,5,9,9,DSL,One Year,Electronic Check,No
1487,41,Male,42,56.86,2210.89,1,6,9,DSL,One Year,Mailed Check,No
1488,39,Female,43,72.71,2985.61,2,9,1,DSL,Two Year,Credit Card,Yes
1489,60,Female,37,62.71,2365.65,3,8,10,None,One Year,Bank Transfer,No
1490,62,Male,64,69.25,3926.67,5,3,5,DSL,Month-to-Month,Credit Card,No
1491,29,Male,27,,2833.32,4,0,6,Fiber,Two Year,Bank Transfer,Yes
1492,66,Female,37,45.44,1451.9,3,8,9,Fiber,Month-to-Month,Credit Card,Yes
1493,68,Female,4,103.2,366.9,3,10,8,Fiber,Month-to-Month,Bank Transfer,Yes
1494,51,Male,69,109.59,7126.87,4,0,9,Fiber,Two Year,Electronic Check,No
1495,65,Female,43,99.95,4416.5,3,1,3,Fiber,Month-to-Month,Electronic Check,Yes
1496,32,Female,50,38.74,1691.72,3,5,1,Fiber,One Year,Credit Card,Yes
1497,45,Male,58,102.95,5436.84,5,4,3,DSL,One Year,Credit Card,Yes
1498,50,Female,65,22.49,1383.69,5,2,4,Fiber,One Year,Electronic Check,No
1499,28,Male,67,87.67,5148.72,1,7,,None,Two Year,Credit Card,No
1500,24,Male,12,53.33,657.77,1,8,5,DSL,Two Year,Electronic Check,No
